,StudentID,Grade,HR,ELL,SPED,RIT.WINT1617,NatlPct.WINT1617,RIT.FALL1617,NatlPct.FALL1617,GrowthNeeded.FALL1617,GCD,K_5_Progress,K_5_Mastery,alt_src_time,num_lab_logins,timelogin,STMATH_30
0,44754827,8.0,B312,No,Yes,200,6,208,15,15.0,Eighth Grade MSS,13.5,7.5,516,19,27.15789474,0
1,45128393,4.0,A302,No,No,217,72,199,42,16.0,Fourth Grade,37.1,29.7,1195,41,29.14634146,1
2,45166317,4.0,A303,No,No,227,90,218,88,12.0,Fourth Grade,28.0,27.4,654,19,34.42105263,0
3,45444759,8.0,B312,No,Yes,201,6,194,4,43.0,Eighth Grade MSS,4.5,2.4,399,11,36.27272727,0
4,50032951,8.0,B312,Yes,Yes,228,47,221,38,24.0,Eighth Grade MSS,3.1,1.2,242,10,24.2,0
